"level";"id";"parent_id";"object_id";"object_type";"object_key";"query_status";"query_time";"query_type";"message";"created_time";"like_count";"comment_count"
"0";"1";"None";"bbc";"seed";"";"";"None";"None";"";"";"";""
"1";"2";"1";"1143803202301544_631595954994690";"data";"data.*";"fetched (200)";"2022-09-29 15:27:51.646488";"Facebook:/<page-id>/posts";"How did Topshop go from being one of the best-loved shops on the high street - to closing its doors for good?";"2022-09-29T13:10:09+0000";"";""
"1";"3";"1";"1143803202301544_631474231673529";"data";"data.*";"fetched (200)";"2022-09-29 15:27:51.646488";"Facebook:/<page-id>/posts";"";"2022-09-29T12:30:03+0000";"";""
"1";"4";"1";"1143803202301544_631473548340264";"data";"data.*";"fetched (200)";"2022-09-29 15:27:51.646488";"Facebook:/<page-id>/posts";"";"2022-09-29T11:30:05+0000";"";""
"1";"5";"1";"1143803202301544_631509338336685";"data";"data.*";"fetched (200)";"2022-09-29 15:27:51.646488";"Facebook:/<page-id>/posts";"What do you do when you wake up to the threat of a nuclear catastrophe?   On 13 January 2018, Hawaiians were confronted by an urgent nuclear threat and these are their stories.";"2022-09-29T11:01:36+0000";"";""
"1";"6";"1";"1143803202301544_631472768340342";"data";"data.*";"fetched (200)";"2022-09-29 15:27:51.646488";"Facebook:/<page-id>/posts";"";"2022-09-29T10:30:01+0000";"";""
"1";"7";"1";"1143803202301544_631465808341038";"data";"data.*";"fetched (200)";"2022-09-29 15:27:51.646488";"Facebook:/<page-id>/posts";"You can see the moment Tommy falls in love with Grace";"2022-09-29T10:00:10+0000";"";""
"1";"8";"1";"1143803202301544_631471861673766";"data";"data.*";"fetched (200)";"2022-09-29 15:27:51.646488";"Facebook:/<page-id>/posts";"Snoop Dogg and Ice Cube are among the musicians to have paid tribute to the Grammy-winning rapper.";"2022-09-29T09:26:08+0000";"";""
"1";"9";"1";"1143803202301544_630787881742164";"data";"data.*";"fetched (200)";"2022-09-29 15:27:51.646488";"Facebook:/<page-id>/posts";"The fish that eats birds... 😮";"2022-09-29T07:00:05+0000";"";""
"1";"10";"1";"1143803202301544_630762878411331";"data";"data.*";"fetched (200)";"2022-09-29 15:27:51.646488";"Facebook:/<page-id>/posts";"Helena Bonham Carter is excellent in this";"2022-09-28T20:00:22+0000";"";""
"1";"11";"1";"1143803202301544_630591745095111";"data";"data.*";"fetched (200)";"2022-09-29 15:27:51.646488";"Facebook:/<page-id>/posts";"Coins featuring the portrait of King Charles III will enter circulation in the UK, it has been confirmed.";"2022-09-28T17:30:03+0000";"";""
"1";"12";"1";"1143803202301544_630591065095179";"data";"data.*";"fetched (200)";"2022-09-29 15:27:51.646488";"Facebook:/<page-id>/posts";"Sprinting for your delivery like 🏃‍♀️  BBC Earth";"2022-09-28T16:30:01+0000";"";""
"1";"13";"1";"1143803202301544_630825938405025";"data";"data.*";"fetched (200)";"2022-09-29 15:27:51.646488";"Facebook:/<page-id>/posts";"""Hey, Hugh… want to play Wolverine one more time?"".   Ryan Reynolds has sent the internet into a frenzy…  Follow the story: https://bbc.in/3LTcRkk";"2022-09-28T15:40:04+0000";"";""
"1";"14";"1";"1143803202301544_630590238428595";"data";"data.*";"fetched (200)";"2022-09-29 15:27:51.646488";"Facebook:/<page-id>/posts";"Why does popular culture so consistently do wrong by her?";"2022-09-28T15:30:02+0000";"";""
"1";"15";"1";"1143803202301544_630621098425509";"data";"data.*";"fetched (200)";"2022-09-29 15:27:51.646488";"Facebook:/<page-id>/posts";"So dramatic for no reason 😂";"2022-09-28T15:00:05+0000";"";""
"1";"16";"1";"1143803202301544_630589261762026";"data";"data.*";"fetched (200)";"2022-09-29 15:27:51.646488";"Facebook:/<page-id>/posts";"";"2022-09-28T14:30:01+0000";"";""
"1";"17";"1";"1143803202301544_630588735095412";"data";"data.*";"fetched (200)";"2022-09-29 15:27:51.646488";"Facebook:/<page-id>/posts";"The song has broken the record previously held jointly by Mark Ronson and Sir Elton John.";"2022-09-28T13:30:01+0000";"";""
"1";"18";"1";"1143803202301544_630018605152425";"data";"data.*";"fetched (200)";"2022-09-29 15:27:51.646488";"Facebook:/<page-id>/posts";"The beautiful moment Sir David Attenborough witnesses a bat feeding from a Seven Hour flower 😍";"2022-09-28T13:01:27+0000";"";""
"1";"19";"1";"1143803202301544_630588005095485";"data";"data.*";"fetched (200)";"2022-09-29 15:27:51.646488";"Facebook:/<page-id>/posts";"""Now I think about it, I was probably in shock and I still am! You never think it will really happen to you.""  Full story: https://bbc.in/3UKhYXO";"2022-09-28T12:30:02+0000";"";""
"1";"20";"1";"1143803202301544_630688025085483";"data";"data.*";"fetched (200)";"2022-09-29 15:27:51.646488";"Facebook:/<page-id>/posts";"There's always that one friend... ⁣ #BBCGhosts #BBCiPlayer #iPlayer";"2022-09-28T12:00:09+0000";"";""
"1";"21";"1";"1143803202301544_630614875092798";"data";"data.*";"fetched (200)";"2022-09-29 15:27:51.646488";"Facebook:/<page-id>/posts";"There's always that one friend... ⁣";"2022-09-28T12:00:01+0000";"";""
"1";"22";"1";"bbc";"offcut";"";"fetched (200)";"2022-09-29 15:27:51.646488";"Facebook:/<page-id>/posts";"";"";"";""
"2";"23";"2";"1143803202301544_631595954994690";"data";"data.*";"fetched (200)";"2022-09-29 15:28:53.839916";"Facebook:/<post-id>/comments";"Watch Trouble at Topshop on iPlayer";"2022-09-29T13:07:32+0000";"0";"0"
"2";"24";"2";"1143803202301544_631595954994690";"offcut";"";"fetched (200)";"2022-09-29 15:28:53.839916";"Facebook:/<post-id>/comments";"";"";"";""
"2";"25";"3";"1143803202301544_631474231673529";"data";"data.*";"fetched (200)";"2022-09-29 15:28:54.128228";"Facebook:/<post-id>/comments";"Can I ask how a coat of paint is going to make a place safe?";"2022-09-29T12:47:26+0000";"2";"2"
"2";"26";"3";"1143803202301544_631474231673529";"data";"data.*";"fetched (200)";"2022-09-29 15:28:54.128228";"Facebook:/<post-id>/comments";"Julie Scarlett Mackay I was wondering the same. Guess now a person can enjoy the view while getting assaulted";"2022-09-29T13:02:35+0000";"1";"0"
"2";"27";"3";"1143803202301544_631474231673529";"data";"data.*";"fetched (200)";"2022-09-29 15:28:54.128228";"Facebook:/<post-id>/comments";"Julie Scarlett Mackay do lights on a street make you feel less apprehensive walking them ?";"2022-09-29T13:23:14+0000";"0";"0"
"2";"28";"3";"1143803202301544_631474231673529";"offcut";"";"fetched (200)";"2022-09-29 15:28:54.128228";"Facebook:/<post-id>/comments";"";"";"";""
"2";"29";"4";"1143803202301544_631473548340264";"empty";"";"fetched (200)";"2022-09-29 15:28:54.556616";"Facebook:/<post-id>/comments";"";"";"";""
"2";"30";"4";"1143803202301544_631473548340264";"offcut";"";"fetched (200)";"2022-09-29 15:28:54.556616";"Facebook:/<post-id>/comments";"";"";"";""
"2";"31";"5";"1143803202301544_631509338336685";"data";"data.*";"fetched (200)";"2022-09-29 15:28:54.742722";"Facebook:/<post-id>/comments";"Watch Storyville: On the Morning You Wake on iPlayer";"2022-09-29T10:43:37+0000";"0";"0"
"2";"32";"5";"1143803202301544_631509338336685";"data";"data.*";"fetched (200)";"2022-09-29 15:28:54.742722";"Facebook:/<post-id>/comments";"I know this will probably get lost in the comments but sometimes when I’m home alone I like to go out in my garden and cover myself with dirt and pretend I’m a carrot..";"2022-09-29T11:04:24+0000";"0";"1"
"2";"33";"5";"1143803202301544_631509338336685";"data";"data.*";"fetched (200)";"2022-09-29 15:28:54.742722";"Facebook:/<post-id>/comments";"That still doesn't change the fact that there are 49million kangaroos in Australia and 3.5million people in Uruguay which means if the kangaroos were to invade Uruguay each person will have to fight 14 kangaroos.";"2022-09-29T11:04:35+0000";"1";"0"
"2";"34";"5";"1143803202301544_631509338336685";"data";"data.*";"fetched (200)";"2022-09-29 15:28:54.742722";"Facebook:/<post-id>/comments";"There's no point in being a survivor in a nuclear attack. It's only a slow agonizing death later.";"2022-09-29T11:07:19+0000";"0";"0"
"2";"35";"5";"1143803202301544_631509338336685";"data";"data.*";"fetched (200)";"2022-09-29 15:28:54.742722";"Facebook:/<post-id>/comments";"There has always been a threat of nuclear war.  Always.  The only thing that prevented it was that the other side had nukes too.  Ukraine would not be in this situation if it had kept its nukes.";"2022-09-29T11:19:18+0000";"0";"0"
"2";"36";"5";"1143803202301544_631509338336685";"data";"data.*";"fetched (200)";"2022-09-29 15:28:54.742722";"Facebook:/<post-id>/comments";"Its would be so sad😢😢😢🙏";"2022-09-29T12:18:55+0000";"0";"0"
"2";"37";"5";"1143803202301544_631509338336685";"data";"data.*";"fetched (200)";"2022-09-29 15:28:54.742722";"Facebook:/<post-id>/comments";"I think I woke up constantly with the threat of nuclear catastrophe in the 60's. And I worried about it. And I demonstrated about it. A lot of energy uselessly lost. Now I live in a country where nuclear energy could pillow it from some of the world's problems. Sorry. I havn't enough time left to worry about it any more.😉";"2022-09-29T12:36:41+0000";"0";"0"
"2";"38";"5";"1143803202301544_631509338336685";"data";"data.*";"fetched (200)";"2022-09-29 15:28:54.742722";"Facebook:/<post-id>/comments";"LIFE & JOKES It wouldn't be a carrot because I have problems with my root veggies. But maybe resurrecting as a sweet pea while the world goes on?";"2022-09-29T12:42:24+0000";"0";"0"
"2";"39";"5";"1143803202301544_631509338336685";"offcut";"";"fetched (200)";"2022-09-29 15:28:54.742722";"Facebook:/<post-id>/comments";"";"";"";""
"2";"40";"6";"1143803202301544_631472768340342";"data";"data.*";"fetched (200)";"2022-09-29 15:28:55.162613";"Facebook:/<post-id>/comments";"အရေးတော်ပုံအောင်ရမည်";"2022-09-29T11:23:42+0000";"0";"0"
"2";"41";"6";"1143803202301544_631472768340342";"data";"data.*";"fetched (200)";"2022-09-29 15:28:55.162613";"Facebook:/<post-id>/comments";"I very much like Gary Neville, and respect his opinions, even when I don't agree with him.";"2022-09-29T12:07:01+0000";"0";"0"
"2";"42";"6";"1143803202301544_631472768340342";"offcut";"";"fetched (200)";"2022-09-29 15:28:55.162613";"Facebook:/<post-id>/comments";"";"";"";""
"2";"43";"7";"1143803202301544_631465808341038";"data";"data.*";"fetched (200)";"2022-09-29 15:28:55.465635";"Facebook:/<post-id>/comments";"Each time I watch this I become so emotional. I gt teary eyes... One of my most fav scenes of all time.";"2022-09-29T10:15:40+0000";"2";"0"
"2";"44";"7";"1143803202301544_631465808341038";"data";"data.*";"fetched (200)";"2022-09-29 15:28:55.465635";"Facebook:/<post-id>/comments";"Love this ❤️";"2022-09-29T10:28:40+0000";"0";"0"
"2";"45";"7";"1143803202301544_631465808341038";"data";"data.*";"fetched (200)";"2022-09-29 15:28:55.465635";"Facebook:/<post-id>/comments";"Who broke his heart earlier on?";"2022-09-29T10:52:19+0000";"0";"0"
"2";"46";"7";"1143803202301544_631465808341038";"data";"data.*";"fetched (200)";"2022-09-29 15:28:55.465635";"Facebook:/<post-id>/comments";"One of my favorites❤️";"2022-09-29T10:53:04+0000";"0";"0"
"2";"47";"7";"1143803202301544_631465808341038";"data";"data.*";"fetched (200)";"2022-09-29 15:28:55.465635";"Facebook:/<post-id>/comments";"";"2022-09-29T10:54:47+0000";"0";"0"
"2";"48";"7";"1143803202301544_631465808341038";"data";"data.*";"fetched (200)";"2022-09-29 15:28:55.465635";"Facebook:/<post-id>/comments";"Maureen Behrens Sollitto wait for the song...";"2022-09-29T11:16:23+0000";"0";"0"
"2";"49";"7";"1143803202301544_631465808341038";"data";"data.*";"fetched (200)";"2022-09-29 15:28:55.465635";"Facebook:/<post-id>/comments";"အရေးတော်ပုံ အောင်ကိုအောင်ရမည်";"2022-09-29T11:25:21+0000";"0";"0"
"2";"50";"7";"1143803202301544_631465808341038";"data";"data.*";"fetched (200)";"2022-09-29 15:28:55.465635";"Facebook:/<post-id>/comments";"I have not watched this show, but I will now. That song was beautiful, the camera movements are spot on, and that actor is stunning. The lady was nice, too. 😏 Thanks for posting this!";"2022-09-29T11:33:00+0000";"2";"0"
"2";"51";"7";"1143803202301544_631465808341038";"data";"data.*";"fetched (200)";"2022-09-29 15:28:55.465635";"Facebook:/<post-id>/comments";"The Irish Rovers do it well, too";"2022-09-29T11:37:16+0000";"0";"0"
"2";"52";"7";"1143803202301544_631465808341038";"data";"data.*";"fetched (200)";"2022-09-29 15:28:55.465635";"Facebook:/<post-id>/comments";"Beautiful. ❤️‍🩹";"2022-09-29T11:52:46+0000";"0";"0"
"2";"53";"7";"1143803202301544_631465808341038";"data";"data.*";"fetched (200)";"2022-09-29 15:28:55.465635";"Facebook:/<post-id>/comments";"Great scene.";"2022-09-29T11:53:08+0000";"0";"0"
"2";"54";"7";"1143803202301544_631465808341038";"data";"data.*";"fetched (200)";"2022-09-29 15:28:55.465635";"Facebook:/<post-id>/comments";"Toukir Ahmed Asif Iqubal dekhsos eita?";"2022-09-29T12:17:25+0000";"0";"0"
"2";"55";"7";"1143803202301544_631465808341038";"data";"data.*";"fetched (200)";"2022-09-29 15:28:55.465635";"Facebook:/<post-id>/comments";"The only thing I never understood is why, with the abundance of very sad old Irish folk songs, they chose Black Velvet Band for this scene?";"2022-09-29T12:58:26+0000";"0";"0"
"2";"56";"7";"1143803202301544_631465808341038";"data";"data.*";"fetched (200)";"2022-09-29 15:28:55.465635";"Facebook:/<post-id>/comments";"Amazing";"2022-09-29T13:02:46+0000";"0";"0"
"2";"57";"7";"1143803202301544_631465808341038";"offcut";"";"fetched (200)";"2022-09-29 15:28:55.465635";"Facebook:/<post-id>/comments";"";"";"";""
"2";"58";"8";"1143803202301544_631471861673766";"data";"data.*";"fetched (200)";"2022-09-29 15:28:55.790106";"Facebook:/<post-id>/comments";"I didn't know him, never heard of him, but may he rest in peace";"2022-09-29T11:20:27+0000";"0";"0"
"2";"59";"8";"1143803202301544_631471861673766";"data";"data.*";"fetched (200)";"2022-09-29 15:28:55.790106";"Facebook:/<post-id>/comments";"😢";"2022-09-29T12:00:09+0000";"0";"0"
"2";"60";"8";"1143803202301544_631471861673766";"offcut";"";"fetched (200)";"2022-09-29 15:28:55.790106";"Facebook:/<post-id>/comments";"";"";"";""
"2";"61";"9";"1143803202301544_630787881742164";"data";"data.*";"fetched (200)";"2022-09-29 15:28:56.063745";"Facebook:/<post-id>/comments";"Pascal Thier";"2022-09-29T07:10:41+0000";"0";"0"
"2";"62";"9";"1143803202301544_630787881742164";"data";"data.*";"fetched (200)";"2022-09-29 15:28:56.063745";"Facebook:/<post-id>/comments";"What a tasty fish 🐟 when cook curry";"2022-09-29T07:17:45+0000";"1";"0"
"2";"63";"9";"1143803202301544_630787881742164";"data";"data.*";"fetched (200)";"2022-09-29 15:28:56.063745";"Facebook:/<post-id>/comments";"✅";"2022-09-29T07:40:27+0000";"1";"0"
"2";"64";"9";"1143803202301544_630787881742164";"data";"data.*";"fetched (200)";"2022-09-29 15:28:56.063745";"Facebook:/<post-id>/comments";"BBC goes Hollywood; perverse pleasure in aggression, for some.";"2022-09-29T08:04:19+0000";"1";"0"
"2";"65";"9";"1143803202301544_630787881742164";"data";"data.*";"fetched (200)";"2022-09-29 15:28:56.063745";"Facebook:/<post-id>/comments";"Poor birds,they have to learn to stay well above the water or else";"2022-09-29T09:07:47+0000";"1";"0"
"2";"66";"9";"1143803202301544_630787881742164";"data";"data.*";"fetched (200)";"2022-09-29 15:28:56.063745";"Facebook:/<post-id>/comments";"Shreya Majumder";"2022-09-29T09:20:13+0000";"0";"0"
"2";"67";"9";"1143803202301544_630787881742164";"data";"data.*";"fetched (200)";"2022-09-29 15:28:56.063745";"Facebook:/<post-id>/comments";"Amazing vedio";"2022-09-29T09:43:04+0000";"0";"0"
"2";"68";"9";"1143803202301544_630787881742164";"data";"data.*";"fetched (200)";"2022-09-29 15:28:56.063745";"Facebook:/<post-id>/comments";"Imagine forcing fish brains to do physics calculation over several millions of years";"2022-09-29T09:48:45+0000";"1";"0"
"2";"69";"9";"1143803202301544_630787881742164";"data";"data.*";"fetched (200)";"2022-09-29 15:28:56.063745";"Facebook:/<post-id>/comments";"The Trevali are huge I've seen Tiger sharks do the same thing with baby Albatross";"2022-09-29T11:36:10+0000";"0";"0"
"2";"70";"9";"1143803202301544_630787881742164";"data";"data.*";"fetched (200)";"2022-09-29 15:28:56.063745";"Facebook:/<post-id>/comments";"Amazing nature👍";"2022-09-29T12:33:21+0000";"0";"0"
"2";"71";"9";"1143803202301544_630787881742164";"data";"data.*";"fetched (200)";"2022-09-29 15:28:56.063745";"Facebook:/<post-id>/comments";"evolution in progress";"2022-09-29T12:57:38+0000";"0";"0"
"2";"72";"9";"1143803202301544_630787881742164";"data";"data.*";"fetched (200)";"2022-09-29 15:28:56.063745";"Facebook:/<post-id>/comments";"Center  For Preparing & Qualifying Leaders Egypt المركز الدولــي لإعـــــداد وتأهيــل القـــادة مصر مرحباً بكم       welcome Please go to the program sectors links and choose your preferred program  يرجي الدخول علي روابط القطاعات البرامج واختيار البرنامج المفضل لك  سجل  الان  Register now   ثم متابعة الانتقال الي الربط    الشهادات الدولية           https://2u.pw/rQhYI     الشهادات الاستشارية       https://2u.pw/lwYpL    الشهادات الاحترافية         https://2u.pw/D0juR         الدبلومات التدريبية           https://2u.pw/95LfG                     الإدارة والقيادة              https://2u.pw/UQALs            العلوم المالية والمصرفية        https://2u.pw/aGwxZ   السكرتارية وإدارة المكاتب     https://2u.pw/yqZup   التعليم                   https://2u.pw/GODu6     البيئة                     https://2u.pw/eY0aI           الموارد البشرية         https://2u.pw/iMRU0                    المواصفات والجودة     https://2u.pw/4jckC               النفط والغاز               https://2u.pw/XKxQH        الامن والسلامه المهنية     https://2u.pw/SVLan          اللوجستيات                   https://2u.pw/i7AgP                     التنمية البشرية                      https://2u.pw/44wAD           التسويق والمبيعات               https://2u.pw/brSeM              التكنولوجيا والحاسب الالي    https://2u.pw/nC2fE                اللغات الترجمة     https://2u.pw/gLDQz                     الطاقة والكهرباء     https://2u.pw/nYoId                        الصحة               https://2u.pw/moagi              السلك الدبلوماسي والقتصلي    https://2u.pw/4jdmm     القانون والتحكيم الدولي           https://2u.pw/ErkhP           الصحافة والاعلام                https://2u.pw/Z0dnU                 السياحة والفنادق                  https://2u.pw/162Y7                     التامينات                           https://2u.pw/Wlqhl                                  إعداد القادة               https://2u.pw/qF7fx";"2022-09-29T13:00:45+0000";"0";"0"
"2";"73";"9";"1143803202301544_630787881742164";"offcut";"";"fetched (200)";"2022-09-29 15:28:56.063745";"Facebook:/<post-id>/comments";"";"";"";""
"2";"74";"10";"1143803202301544_630762878411331";"data";"data.*";"fetched (200)";"2022-09-29 15:28:56.497760";"Facebook:/<post-id>/comments";"REPENT...REPENT...REPENT WE ARE LIVING IN THE ENDING OF THE LAST DAYS, SO REPENTS COMPLETELY ALL YOUR SINS AND PREPARE FOR THE RAPTURE...RAPTURE...RAPTURE! LORD GOD JESUS CHRIST CAME ON THIS WORLD TO DIED FOR US ON THE CROSS OF CALVARY IN ORDER TO SAVE US HUMANS FROM THE PUNISHMENT OF BEING PERISHED ETERNAL DAMNATION IN HELL AND GIVE US ETERNAL SALVATION TO ENTER HEAVEN IF WE COMPLETELY BELIEVE HIM, RECEIVE HIM, OBEY HIM BY OBEYING THE HOLLY WORD (BIBLE) AND SERVES HIM. NOW THE LORD GOD JESUS CHRIST IS REAL COMING VERY VERY VERY SOON FROM NOW ON TO RAPTURE THE CHURCH, VERY VERY SOON FROM NOW ON IT WILL BE THE END OF THE WORLD, READ IN THE HOLY BIBLE THE BOOKS OF...(Matthew 24:3-42)  (Luke 21:6-36)  (1 Thessalonians 4:16-18)...  REPENTS ALL YOUR SINS AND TURN AWAY COMPLETELY FROM THE LIFE OF SIN TODAY,  ACCEPT AND RECEIVE  LORD JESUS CHRIST IN YOUR LIFE, OBEY AND SERVE HIM, BE HOLY IN ALL THAT YOU DO, LIVE A COMPLETELY HOLINESS LIFE AND REPENTS YOUR SINS EVERYDAY IN ORDER TO BE RAPTURED BY THE LORD AND ESCAPE THE GREAT TRIBULATION) GREAT WRATH OF GOD THAT IS COMING TO FALL UPON THIS FALLEN EVIL WORLD AND EVERY MAN THAT ARE DYING ON THEIR SINS...  ⚪If you want to REPENT now and starting your salvation and walking with the LORD GOD JESUS CHRIST, HE's calling you today; he loves you so much... Say and pray along by faith this prayer of salvation as your season of walking with the LORD has come, REMEMBER YOU DON'T KNOW THE TIME THAT YOU WILL DIE AND LEAVE THIS EARTH TO FACE YOUR JUDGEMENT! AND ALSO NO BODY KNOWS THE DAY OR HOUR THAT THE LORD GOD JESUS CHRIST WILL APPEARS UP IN THE SKY TO RAPTURE THE CHURCH (Matthew 24:36-51) It can be next five minutes to come!, SAY AND PRAY THIS PRAYER OF REPENTANCE BY FAITH...  ⚪Father in the name of JESUS CHRIST today i have heard your words; I am confessing my sins, i know that I am a sinner, Father forgive me. Thank you for sending Jesus to die for me on the cross of calvary. Father, from today, I am receiving you as the Savoir and the Lord of my life. Thank you Jesus for giving me a Persistent Faith, a faith that will stand the test of time. Thank you for the Blood of Jesus. From today, I am your child; I am born again, thank you Holy Spirit for directing me today, in Jesus Christ name i pray,                     AMEN.  N.B: IF YOU PRAY THAT PRAYER BY FAITH AND IN GENUINELY FROM YOUR HEART, THEN LORD GOD JESUS CHRIST HAS FORGIVEN YOU AND YOU'ARE ALREADY A BORN AGAIN CHRISTIAN. WELCOME IN THE FAMILY OF GOD, MAKE SURE YOU'ARE FINDING A GODLY LIVING CHURCH AT WHERE YOU ARE AND JOIN THEM AND MAKE SURE YOU LIVE A HOLY AND RIGHTEOUS LIFE BY READING AND OBEYING GOD'S WORD (HOLLY BIBLE) EVERYDAY AND MAKE SURE YOU REPENT AND PRAY EVERYDAY. LORD JESUS CHRIST IS COMING, LORD JESUS CHRIST IS COMING, LORD JESUS CHRIST IS COMING... VERY VERY VERY SOON FROM NOW ON! THE SIGNS ARE EVERYWHERE AND TIME IS ALREADY FINISHED.";"2022-09-28T20:31:15+0000";"0";"0"
"2";"75";"10";"1143803202301544_630762878411331";"data";"data.*";"fetched (200)";"2022-09-29 15:28:56.497760";"Facebook:/<post-id>/comments";"Helena Bonham Carter is excellent in everything 🙌";"2022-09-28T20:32:23+0000";"17";"2"
"2";"76";"10";"1143803202301544_630762878411331";"data";"data.*";"fetched (200)";"2022-09-29 15:28:56.497760";"Facebook:/<post-id>/comments";"Funny as";"2022-09-28T20:43:26+0000";"0";"0"
"2";"77";"10";"1143803202301544_630762878411331";"data";"data.*";"fetched (200)";"2022-09-29 15:28:56.497760";"Facebook:/<post-id>/comments";"This is such a great series, loved it 💚";"2022-09-28T20:47:07+0000";"1";"0"
"2";"78";"10";"1143803202301544_630762878411331";"data";"data.*";"fetched (200)";"2022-09-29 15:28:56.497760";"Facebook:/<post-id>/comments";"""...5 would have been enough."" 😳😆🤣🤣🤣";"2022-09-28T21:43:12+0000";"4";"0"
"2";"79";"10";"1143803202301544_630762878411331";"data";"data.*";"fetched (200)";"2022-09-29 15:28:56.497760";"Facebook:/<post-id>/comments";"Kay Guascoine I came on here to say exactly that 😁";"2022-09-28T22:48:54+0000";"2";"0"
"2";"80";"10";"1143803202301544_630762878411331";"data";"data.*";"fetched (200)";"2022-09-29 15:28:56.497760";"Facebook:/<post-id>/comments";"Love this series !!!!";"2022-09-28T23:47:04+0000";"1";"0"
"2";"81";"10";"1143803202301544_630762878411331";"data";"data.*";"fetched (200)";"2022-09-29 15:28:56.497760";"Facebook:/<post-id>/comments";"https://www.facebook.com/عالم-الحيوانات-110083548528348/";"2022-09-29T00:05:38+0000";"0";"0"
"2";"82";"10";"1143803202301544_630762878411331";"data";"data.*";"fetched (200)";"2022-09-29 15:28:56.497760";"Facebook:/<post-id>/comments";"Is this going to be coming on tv any time soon?";"2022-09-29T00:25:06+0000";"1";"0"
"2";"83";"10";"1143803202301544_630762878411331";"data";"data.*";"fetched (200)";"2022-09-29 15:28:56.497760";"Facebook:/<post-id>/comments";"143000            CHECK MY IMDB";"2022-09-29T00:44:56+0000";"0";"0"
"2";"84";"10";"1143803202301544_630762878411331";"data";"data.*";"fetched (200)";"2022-09-29 15:28:56.497760";"Facebook:/<post-id>/comments";"This was so good. I love the whole series.";"2022-09-29T01:54:06+0000";"1";"0"
"2";"85";"10";"1143803202301544_630762878411331";"data";"data.*";"fetched (200)";"2022-09-29 15:28:56.497760";"Facebook:/<post-id>/comments";"Helen Bonham carter is fabulous in anything she does";"2022-09-29T03:19:31+0000";"2";"0"
"2";"86";"10";"1143803202301544_630762878411331";"data";"data.*";"fetched (200)";"2022-09-29 15:28:56.497760";"Facebook:/<post-id>/comments";"King Charles III Won’t be Coronated Until 2023 Because the British UK Loves to CopyCat Everything that the USA America Does ....";"2022-09-29T05:18:26+0000";"1";"0"
"2";"87";"10";"1143803202301544_630762878411331";"data";"data.*";"fetched (200)";"2022-09-29 15:28:56.497760";"Facebook:/<post-id>/comments";"This series was so funny and this episode with the toilet scene!";"2022-09-29T06:41:25+0000";"1";"0"
"2";"88";"10";"1143803202301544_630762878411331";"data";"data.*";"fetched (200)";"2022-09-29 15:28:56.497760";"Facebook:/<post-id>/comments";"Love this series, and have watched it many times. It takes me to a happy space every time!😊";"2022-09-29T07:31:13+0000";"0";"0"
"2";"89";"10";"1143803202301544_630762878411331";"data";"data.*";"fetched (200)";"2022-09-29 15:28:56.497760";"Facebook:/<post-id>/comments";"Abbie Hughes";"2022-09-29T08:18:44+0000";"0";"1"
"2";"90";"10";"1143803202301544_630762878411331";"data";"data.*";"fetched (200)";"2022-09-29 15:28:56.497760";"Facebook:/<post-id>/comments";"Lauren Dowdeswell case and point! But mildly disturbing";"2022-09-29T08:21:16+0000";"1";"0"
"2";"91";"10";"1143803202301544_630762878411331";"data";"data.*";"fetched (200)";"2022-09-29 15:28:56.497760";"Facebook:/<post-id>/comments";"Yes ... such a great series";"2022-09-29T08:35:16+0000";"0";"0"
"2";"92";"10";"1143803202301544_630762878411331";"data";"data.*";"fetched (200)";"2022-09-29 15:28:56.497760";"Facebook:/<post-id>/comments";"Dottie Simon 🤣";"2022-09-29T13:26:53+0000";"0";"0"
"2";"93";"10";"1143803202301544_630762878411331";"offcut";"";"fetched (200)";"2022-09-29 15:28:56.497760";"Facebook:/<post-id>/comments";"";"";"";""
"2";"94";"11";"1143803202301544_630591745095111";"data";"data.*";"fetched (200)";"2022-09-29 15:28:56.820236";"Facebook:/<post-id>/comments";"Long live the King😁🇬🇧";"2022-09-28T17:31:32+0000";"1";"0"
"2";"95";"11";"1143803202301544_630591745095111";"data";"data.*";"fetched (200)";"2022-09-29 15:28:56.820236";"Facebook:/<post-id>/comments";"It's you, now holding Charles name, as king";"2022-09-28T17:35:34+0000";"1";"0"
"2";"96";"11";"1143803202301544_630591745095111";"data";"data.*";"fetched (200)";"2022-09-29 15:28:56.820236";"Facebook:/<post-id>/comments";"Rip her majesty'";"2022-09-28T17:45:31+0000";"5";"0"
"2";"97";"11";"1143803202301544_630591745095111";"data";"data.*";"fetched (200)";"2022-09-29 15:28:56.820236";"Facebook:/<post-id>/comments";"But when is he returning our stolen minerals in SA ?";"2022-09-28T17:46:18+0000";"1";"0"
"2";"98";"11";"1143803202301544_630591745095111";"data";"data.*";"fetched (200)";"2022-09-29 15:28:56.820236";"Facebook:/<post-id>/comments";"This is who should be on the coin. Long live the real Queen of England.";"2022-09-28T17:51:21+0000";"1";"1"
"2";"99";"11";"1143803202301544_630591745095111";"data";"data.*";"fetched (200)";"2022-09-29 15:28:56.820236";"Facebook:/<post-id>/comments";"Too soon :'(";"2022-09-28T18:00:39+0000";"1";"0"
"2";"100";"11";"1143803202301544_630591745095111";"data";"data.*";"fetched (200)";"2022-09-29 15:28:56.820236";"Facebook:/<post-id>/comments";"🥱";"2022-09-28T18:01:38+0000";"1";"0"
"2";"101";"11";"1143803202301544_630591745095111";"data";"data.*";"fetched (200)";"2022-09-29 15:28:56.820236";"Facebook:/<post-id>/comments";"There will be extended sections on the coins to the left and right in order to accomodate his ears.";"2022-09-28T18:02:49+0000";"1";"0"
"2";"102";"11";"1143803202301544_630591745095111";"data";"data.*";"fetched (200)";"2022-09-29 15:28:56.820236";"Facebook:/<post-id>/comments";"Rui Machado No, it should be Meghan";"2022-09-28T18:03:14+0000";"1";"0"
"2";"103";"11";"1143803202301544_630591745095111";"data";"data.*";"fetched (200)";"2022-09-29 15:28:56.820236";"Facebook:/<post-id>/comments";"Please put Meghan on the coins.";"2022-09-28T18:03:35+0000";"1";"0"
"2";"104";"11";"1143803202301544_630591745095111";"data";"data.*";"fetched (200)";"2022-09-29 15:28:56.820236";"Facebook:/<post-id>/comments";"Максим Минаков";"2022-09-28T18:22:40+0000";"1";"0"
"2";"105";"11";"1143803202301544_630591745095111";"data";"data.*";"fetched (200)";"2022-09-29 15:28:56.820236";"Facebook:/<post-id>/comments";"should make it a standard to all countries under england's flag ...";"2022-09-28T18:46:56+0000";"1";"0"
"2";"106";"11";"1143803202301544_630591745095111";"data";"data.*";"fetched (200)";"2022-09-29 15:28:56.820236";"Facebook:/<post-id>/comments";"Hope Canadian Royal Mint follows suit soon";"2022-09-28T18:47:25+0000";"1";"0"
"2";"107";"11";"1143803202301544_630591745095111";"data";"data.*";"fetched (200)";"2022-09-29 15:28:56.820236";"Facebook:/<post-id>/comments";"We’ll never get to see or touch one if they keep putting CPI etc up…";"2022-09-28T19:24:49+0000";"1";"0"
"2";"108";"11";"1143803202301544_630591745095111";"data";"data.*";"fetched (200)";"2022-09-29 15:28:56.820236";"Facebook:/<post-id>/comments";"Check it out: https://bit.ly/3DFSDbp";"2022-09-28T19:42:38+0000";"1";"0"
"2";"109";"11";"1143803202301544_630591745095111";"data";"data.*";"fetched (200)";"2022-09-29 15:28:56.820236";"Facebook:/<post-id>/comments";"This still feels unreal …. King Charles is king but his backstory doesn’t make me respect him honestly";"2022-09-28T19:57:37+0000";"2";"0"
"2";"110";"11";"1143803202301544_630591745095111";"data";"data.*";"fetched (200)";"2022-09-29 15:28:56.820236";"Facebook:/<post-id>/comments";"are we really bothered";"2022-09-28T20:03:59+0000";"1";"0"
"2";"111";"11";"1143803202301544_630591745095111";"data";"data.*";"fetched (200)";"2022-09-29 15:28:56.820236";"Facebook:/<post-id>/comments";"Leah Pressman how weird we were just talking about it earlier";"2022-09-28T20:18:28+0000";"2";"0"
"2";"112";"11";"1143803202301544_630591745095111";"data";"data.*";"fetched (200)";"2022-09-29 15:28:56.820236";"Facebook:/<post-id>/comments";"Is queen Charles going to in the Canadian currency, I sure hope not";"2022-09-28T20:23:15+0000";"1";"0"
"2";"113";"11";"1143803202301544_630591745095111";"data";"data.*";"fetched (200)";"2022-09-29 15:28:56.820236";"Facebook:/<post-id>/comments";"They shouldn't have bothered with the tax payer expense... they won't last very long and they will be changed again 🙄";"2022-09-28T20:46:57+0000";"0";"0"
"2";"114";"11";"1143803202301544_630591745095111";"data";"data.*";"fetched (200)";"2022-09-29 15:28:56.820236";"Facebook:/<post-id>/comments";"Why wasting money now, times are difficult....?!";"2022-09-28T21:03:09+0000";"0";"0"
"2";"115";"11";"1143803202301544_630591745095111";"data";"data.*";"fetched (200)";"2022-09-29 15:28:56.820236";"Facebook:/<post-id>/comments";"المفروض ان تصدر حكومة المرتزقة الدولية نقود لقادة المليشيات المسلحة وأعضاء البرلمان والوزراء ... وخاصة وزيرة الشئون الاجتماعية  لأنها حادثة ناذرة في عالم السياسة ... لا تنسوا المفتي ومخرب مصرف ليبيا المركزي والقائد العام  لقوات الشرق ... نافسوا بها العملة التي تحمل اسم الملك  King Charles III  ...  ???";"2022-09-28T21:06:59+0000";"0";"0"
"2";"116";"11";"1143803202301544_630591745095111";"data";"data.*";"fetched (200)";"2022-09-29 15:28:56.820236";"Facebook:/<post-id>/comments";"that poor face needs a hug....nothing else just a hug";"2022-09-28T21:17:07+0000";"0";"0"
"2";"117";"11";"1143803202301544_630591745095111";"data";"data.*";"fetched (200)";"2022-09-29 15:28:56.820236";"Facebook:/<post-id>/comments";"Crown is an illegal city state named the CITY OF LONDON CORPORATION";"2022-09-28T21:38:04+0000";"0";"0"
"2";"118";"11";"1143803202301544_630591745095111";"data";"data.*";"fetched (200)";"2022-09-29 15:28:56.820236";"Facebook:/<post-id>/comments";"Boooooo";"2022-09-28T22:08:23+0000";"0";"0"
"2";"119";"11";"1143803202301544_630591745095111";"offcut";"";"fetched (200)";"2022-09-29 15:28:56.820236";"Facebook:/<post-id>/comments";"";"";"";""
"2";"120";"12";"1143803202301544_630591065095179";"data";"data.*";"fetched (200)";"2022-09-29 15:28:57.147469";"Facebook:/<post-id>/comments";"Beautiful​ photo​";"2022-09-28T16:31:32+0000";"0";"0"
"2";"121";"12";"1143803202301544_630591065095179";"data";"data.*";"fetched (200)";"2022-09-29 15:28:57.147469";"Facebook:/<post-id>/comments";"RIP her majesty";"2022-09-28T16:34:20+0000";"0";"0"
"2";"122";"12";"1143803202301544_630591065095179";"data";"data.*";"fetched (200)";"2022-09-29 15:28:57.147469";"Facebook:/<post-id>/comments";"Raphaela Hais";"2022-09-28T16:35:16+0000";"0";"0"
"2";"123";"12";"1143803202301544_630591065095179";"data";"data.*";"fetched (200)";"2022-09-29 15:28:57.147469";"Facebook:/<post-id>/comments";"😍🐿️";"2022-09-28T16:43:13+0000";"0";"0"
"2";"124";"12";"1143803202301544_630591065095179";"data";"data.*";"fetched (200)";"2022-09-29 15:28:57.147469";"Facebook:/<post-id>/comments";"Al-viiin!";"2022-09-28T16:46:51+0000";"1";"0"
"2";"125";"12";"1143803202301544_630591065095179";"data";"data.*";"fetched (200)";"2022-09-29 15:28:57.147469";"Facebook:/<post-id>/comments";"Brooke Walker 🤣";"2022-09-28T16:49:45+0000";"0";"0"
"2";"126";"12";"1143803202301544_630591065095179";"data";"data.*";"fetched (200)";"2022-09-29 15:28:57.147469";"Facebook:/<post-id>/comments";"Wow.....💓";"2022-09-28T16:55:10+0000";"1";"0"
"2";"127";"12";"1143803202301544_630591065095179";"data";"data.*";"fetched (200)";"2022-09-29 15:28:57.147469";"Facebook:/<post-id>/comments";"Alen Kikić 😀";"2022-09-28T17:12:18+0000";"0";"0"
"2";"128";"12";"1143803202301544_630591065095179";"data";"data.*";"fetched (200)";"2022-09-29 15:28:57.147469";"Facebook:/<post-id>/comments";"Hmmm😹";"2022-09-28T17:44:56+0000";"0";"0"
"2";"129";"12";"1143803202301544_630591065095179";"data";"data.*";"fetched (200)";"2022-09-29 15:28:57.147469";"Facebook:/<post-id>/comments";"Something I will ever hate BBC for for all my life is to ask you about hearing voices in head if you ever heard of it and you sent me something but for now it's something different. Telepathy oh my God BBC what's your goal. Giving people real news or something different?";"2022-09-28T18:21:37+0000";"0";"0"
"2";"130";"12";"1143803202301544_630591065095179";"data";"data.*";"fetched (200)";"2022-09-29 15:28:57.147469";"Facebook:/<post-id>/comments";"saygılar";"2022-09-28T19:02:34+0000";"0";"0"
"2";"131";"12";"1143803202301544_630591065095179";"data";"data.*";"fetched (200)";"2022-09-29 15:28:57.147469";"Facebook:/<post-id>/comments";"Absolutely amazing";"2022-09-28T20:38:27+0000";"0";"0"
"2";"132";"12";"1143803202301544_630591065095179";"data";"data.*";"fetched (200)";"2022-09-29 15:28:57.147469";"Facebook:/<post-id>/comments";"Привет😺";"2022-09-28T22:25:42+0000";"0";"0"
"2";"133";"12";"1143803202301544_630591065095179";"data";"data.*";"fetched (200)";"2022-09-29 15:28:57.147469";"Facebook:/<post-id>/comments";"So adorable!❤️";"2022-09-28T23:20:56+0000";"0";"0"
"2";"134";"12";"1143803202301544_630591065095179";"data";"data.*";"fetched (200)";"2022-09-29 15:28:57.147469";"Facebook:/<post-id>/comments";"So adorable!❤️";"2022-09-29T02:33:30+0000";"0";"0"
"2";"135";"12";"1143803202301544_630591065095179";"data";"data.*";"fetched (200)";"2022-09-29 15:28:57.147469";"Facebook:/<post-id>/comments";"Wowwwww";"2022-09-29T02:39:13+0000";"0";"0"
"2";"136";"12";"1143803202301544_630591065095179";"data";"data.*";"fetched (200)";"2022-09-29 15:28:57.147469";"Facebook:/<post-id>/comments";"Alvin?";"2022-09-29T05:18:07+0000";"0";"0"
"2";"137";"12";"1143803202301544_630591065095179";"data";"data.*";"fetched (200)";"2022-09-29 15:28:57.147469";"Facebook:/<post-id>/comments";"Wymo";"2022-09-29T06:25:32+0000";"0";"0"
"2";"138";"12";"1143803202301544_630591065095179";"data";"data.*";"fetched (200)";"2022-09-29 15:28:57.147469";"Facebook:/<post-id>/comments";"Wowww ❤️🔥";"2022-09-29T08:07:55+0000";"0";"0"
"2";"139";"12";"1143803202301544_630591065095179";"data";"data.*";"fetched (200)";"2022-09-29 15:28:57.147469";"Facebook:/<post-id>/comments";"https://www.facebook.com/100054330440148/posts/597830768704599/?app=fbl";"2022-09-29T08:24:24+0000";"0";"0"
"2";"140";"12";"1143803202301544_630591065095179";"data";"data.*";"fetched (200)";"2022-09-29 15:28:57.147469";"Facebook:/<post-id>/comments";"Well designed for its environment.";"2022-09-29T10:56:51+0000";"0";"0"
"2";"141";"12";"1143803202301544_630591065095179";"data";"data.*";"fetched (200)";"2022-09-29 15:28:57.147469";"Facebook:/<post-id>/comments";"Is it a bird is it a plane no it’s super mink!";"2022-09-29T13:22:19+0000";"0";"0"
"2";"142";"12";"1143803202301544_630591065095179";"offcut";"";"fetched (200)";"2022-09-29 15:28:57.147469";"Facebook:/<post-id>/comments";"";"";"";""
"2";"143";"13";"1143803202301544_630825938405025";"data";"data.*";"fetched (200)";"2022-09-29 15:28:57.472433";"Facebook:/<post-id>/comments";"Danny 'Toast' Williams";"2022-09-28T15:42:17+0000";"0";"0"
"2";"144";"13";"1143803202301544_630825938405025";"data";"data.*";"fetched (200)";"2022-09-29 15:28:57.472433";"Facebook:/<post-id>/comments";"Oliver Quinn tin chuẩn ko ô";"2022-09-28T15:54:56+0000";"0";"0"
"2";"145";"13";"1143803202301544_630825938405025";"data";"data.*";"fetched (200)";"2022-09-29 15:28:57.472433";"Facebook:/<post-id>/comments";"God  bless you both";"2022-09-28T16:00:13+0000";"0";"0"
"2";"146";"13";"1143803202301544_630825938405025";"data";"data.*";"fetched (200)";"2022-09-29 15:28:57.472433";"Facebook:/<post-id>/comments";"Awesome!!!!!!!";"2022-09-28T16:04:40+0000";"0";"0"
"2";"147";"13";"1143803202301544_630825938405025";"data";"data.*";"fetched (200)";"2022-09-29 15:28:57.472433";"Facebook:/<post-id>/comments";"";"2022-09-28T16:06:19+0000";"0";"0"
"2";"148";"13";"1143803202301544_630825938405025";"data";"data.*";"fetched (200)";"2022-09-29 15:28:57.472433";"Facebook:/<post-id>/comments";"He looks much better as a Wolverine.";"2022-09-28T17:02:59+0000";"0";"0"
"2";"149";"13";"1143803202301544_630825938405025";"data";"data.*";"fetched (200)";"2022-09-29 15:28:57.472433";"Facebook:/<post-id>/comments";"Can't wait....";"2022-09-28T17:33:56+0000";"0";"0"
"2";"150";"13";"1143803202301544_630825938405025";"data";"data.*";"fetched (200)";"2022-09-29 15:28:57.472433";"Facebook:/<post-id>/comments";"Alex Russell";"2022-09-28T17:58:08+0000";"1";"0"
"2";"151";"13";"1143803202301544_630825938405025";"data";"data.*";"fetched (200)";"2022-09-29 15:28:57.472433";"Facebook:/<post-id>/comments";"William Schweer";"2022-09-28T18:24:29+0000";"0";"0"
"2";"152";"13";"1143803202301544_630825938405025";"data";"data.*";"fetched (200)";"2022-09-29 15:28:57.472433";"Facebook:/<post-id>/comments";"Hurray ...";"2022-09-28T18:30:58+0000";"0";"0"
"2";"153";"13";"1143803202301544_630825938405025";"data";"data.*";"fetched (200)";"2022-09-29 15:28:57.472433";"Facebook:/<post-id>/comments";"🇦🇿🪓✖️";"2022-09-28T18:50:39+0000";"0";"0"
"2";"154";"13";"1143803202301544_630825938405025";"data";"data.*";"fetched (200)";"2022-09-29 15:28:57.472433";"Facebook:/<post-id>/comments";"🇹🇷🪓✖️";"2022-09-28T18:50:43+0000";"0";"0"
"2";"155";"13";"1143803202301544_630825938405025";"data";"data.*";"fetched (200)";"2022-09-29 15:28:57.472433";"Facebook:/<post-id>/comments";"🇦🇲🕊🇦🇲";"2022-09-28T18:50:47+0000";"0";"0"
"2";"156";"13";"1143803202301544_630825938405025";"data";"data.*";"fetched (200)";"2022-09-29 15:28:57.472433";"Facebook:/<post-id>/comments";"Marc-André Lussier";"2022-09-28T19:48:59+0000";"1";"0"
"2";"157";"13";"1143803202301544_630825938405025";"data";"data.*";"fetched (200)";"2022-09-29 15:28:57.472433";"Facebook:/<post-id>/comments";"So cool, because he's not just asking Hugh to appear in front of the camera and act some lines, he's asking Jackman for three to six months of living in the gym and eating grilled chicken and water...";"2022-09-28T20:44:43+0000";"0";"0"
"2";"158";"13";"1143803202301544_630825938405025";"data";"data.*";"fetched (200)";"2022-09-29 15:28:57.472433";"Facebook:/<post-id>/comments";"love to see them together again!";"2022-09-28T21:41:26+0000";"0";"0"
"2";"159";"13";"1143803202301544_630825938405025";"data";"data.*";"fetched (200)";"2022-09-29 15:28:57.472433";"Facebook:/<post-id>/comments";"Fabulous news,  can't wait ❤❤ xx";"2022-09-28T21:52:36+0000";"0";"0"
"2";"160";"13";"1143803202301544_630825938405025";"data";"data.*";"fetched (200)";"2022-09-29 15:28:57.472433";"Facebook:/<post-id>/comments";"Fabulous news,  can't wait ❤❤ xx";"2022-09-28T21:53:27+0000";"0";"0"
"2";"161";"13";"1143803202301544_630825938405025";"data";"data.*";"fetched (200)";"2022-09-29 15:28:57.472433";"Facebook:/<post-id>/comments";"Cố phát nữa đi anh Hugh Jackman";"2022-09-29T02:00:17+0000";"0";"0"
"2";"162";"13";"1143803202301544_630825938405025";"data";"data.*";"fetched (200)";"2022-09-29 15:28:57.472433";"Facebook:/<post-id>/comments";"Can he be as fully regenerative as before? Will it be a cameo or a full script appearance? Did Deadpool complete his training? Are we going to see shameless gin adverts? Is there a new love interest or is it too soon? Does Deadpool meet death? Any mentions to Harvey Weinstein/Epstein/the Queen/Trump/Covid? Who's the villain?";"2022-09-29T04:59:41+0000";"0";"0"
"2";"163";"13";"1143803202301544_630825938405025";"data";"data.*";"fetched (200)";"2022-09-29 15:28:57.472433";"Facebook:/<post-id>/comments";"I'm not offering you millions of dollars,but I will teach you how to make minimum of $5000 within 12hours with your cellphone or your laptop,if interested kindly download telegram app and click on the link below to join the legit  platform 👇👇👇👇👇👇👇👇👇👇👇👇 https://t.me/+xgGIJzhz5Jc1YWVk https://t.me/+xgGIJzhz5Jc1YWVk https://t.me/+xgGIJzhz5Jc1YWVk https://t.me/+xgGIJzhz5Jc1YWVk https://t.me/+xgGIJzhz5Jc1YWVk";"2022-09-29T06:44:49+0000";"0";"0"
"2";"164";"13";"1143803202301544_630825938405025";"data";"data.*";"fetched (200)";"2022-09-29 15:28:57.472433";"Facebook:/<post-id>/comments";"Imagine if we just would have been surprised by it. 🤷🏼‍♂️";"2022-09-29T07:12:43+0000";"0";"0"
"2";"165";"13";"1143803202301544_630825938405025";"data";"data.*";"fetched (200)";"2022-09-29 15:28:57.472433";"Facebook:/<post-id>/comments";"Anton Cross";"2022-09-29T10:08:19+0000";"0";"0"
"2";"166";"13";"1143803202301544_630825938405025";"offcut";"";"fetched (200)";"2022-09-29 15:28:57.472433";"Facebook:/<post-id>/comments";"";"";"";""
"2";"167";"14";"1143803202301544_630590238428595";"data";"data.*";"fetched (200)";"2022-09-29 15:28:58.032944";"Facebook:/<post-id>/comments";"It depends what you read,";"2022-09-28T15:39:46+0000";"0";"0"
"2";"168";"14";"1143803202301544_630590238428595";"data";"data.*";"fetched (200)";"2022-09-29 15:28:58.032944";"Facebook:/<post-id>/comments";"Jenni Fajvan";"2022-09-28T15:45:58+0000";"0";"0"
"2";"169";"14";"1143803202301544_630590238428595";"data";"data.*";"fetched (200)";"2022-09-29 15:28:58.032944";"Facebook:/<post-id>/comments";"SURVIVAL OF THE FITTEST IS STILL BIOLOGY";"2022-09-28T15:50:41+0000";"0";"0"
"2";"170";"14";"1143803202301544_630590238428595";"data";"data.*";"fetched (200)";"2022-09-29 15:28:58.032944";"Facebook:/<post-id>/comments";"She was complicated, and most people are simple-minded.";"2022-09-28T16:12:48+0000";"2";"0"
"2";"171";"14";"1143803202301544_630590238428595";"data";"data.*";"fetched (200)";"2022-09-29 15:28:58.032944";"Facebook:/<post-id>/comments";"Marilyn Monroe was no ‘dumb blonde’. She was an avid reader with an extensive personal library, and embraced radical left-wing politics throughout her short life, which was terminated by agents of the State when she threatened to expose secrets she had learned through her affairs with the Kennedy brothers. https://mpbondblog.wordpress.com/2019/08/02/red-marilyn/";"2022-09-28T18:41:23+0000";"0";"0"
"2";"172";"14";"1143803202301544_630590238428595";"data";"data.*";"fetched (200)";"2022-09-29 15:28:58.032944";"Facebook:/<post-id>/comments";"";"2022-09-28T19:32:28+0000";"0";"0"
"2";"173";"14";"1143803202301544_630590238428595";"data";"data.*";"fetched (200)";"2022-09-29 15:28:58.032944";"Facebook:/<post-id>/comments";"God bless you";"2022-09-29T00:01:02+0000";"0";"0"
"2";"174";"14";"1143803202301544_630590238428595";"data";"data.*";"fetched (200)";"2022-09-29 15:28:58.032944";"Facebook:/<post-id>/comments";"She was beautiful. Not a great actress by no means. Very sad story her life. 😞🙏♥️";"2022-09-29T02:18:44+0000";"1";"0"
"2";"175";"14";"1143803202301544_630590238428595";"data";"data.*";"fetched (200)";"2022-09-29 15:28:58.032944";"Facebook:/<post-id>/comments";"Yes she was beautiful looking woman but I didn't enjoy her movies as she couldn't act but never the less,she was a famous movie star and died at a young age of 36";"2022-09-29T04:30:02+0000";"0";"0"
"2";"176";"14";"1143803202301544_630590238428595";"data";"data.*";"fetched (200)";"2022-09-29 15:28:58.032944";"Facebook:/<post-id>/comments";"Definitely a sexy woman to look at though her acting left much to be desired as she couldn't act";"2022-09-29T05:28:01+0000";"0";"0"
"2";"177";"14";"1143803202301544_630590238428595";"offcut";"";"fetched (200)";"2022-09-29 15:28:58.032944";"Facebook:/<post-id>/comments";"";"";"";""
"2";"178";"15";"1143803202301544_630621098425509";"data";"data.*";"fetched (200)";"2022-09-29 15:28:58.214134";"Facebook:/<post-id>/comments";"Watch Bloodlands on iPlayer";"2022-09-28T10:08:03+0000";"1";"1"
"2";"179";"15";"1143803202301544_630621098425509";"data";"data.*";"fetched (200)";"2022-09-29 15:28:58.214134";"Facebook:/<post-id>/comments";"Usman Naazir  Ohhhhhh";"2022-09-28T15:04:29+0000";"0";"0"
"2";"180";"15";"1143803202301544_630621098425509";"data";"data.*";"fetched (200)";"2022-09-29 15:28:58.214134";"Facebook:/<post-id>/comments";"Now you're posting memes 😆";"2022-09-28T15:07:06+0000";"0";"0"
"2";"181";"15";"1143803202301544_630621098425509";"data";"data.*";"fetched (200)";"2022-09-29 15:28:58.214134";"Facebook:/<post-id>/comments";"😂👍🏻👏🏻";"2022-09-28T15:18:18+0000";"0";"0"
"2";"182";"15";"1143803202301544_630621098425509";"data";"data.*";"fetched (200)";"2022-09-29 15:28:58.214134";"Facebook:/<post-id>/comments";"BBC Apple App Store?";"2022-09-28T15:39:09+0000";"0";"0"
"2";"183";"15";"1143803202301544_630621098425509";"data";"data.*";"fetched (200)";"2022-09-29 15:28:58.214134";"Facebook:/<post-id>/comments";"His fellow detectives are slow on the uptake if you ask me. The breakaway at the safe house was laughable. Still watch it though I need some closure on Goliath.😜";"2022-09-28T16:02:14+0000";"0";"0"
"2";"184";"15";"1143803202301544_630621098425509";"data";"data.*";"fetched (200)";"2022-09-29 15:28:58.214134";"Facebook:/<post-id>/comments";"Nowadays they even send phone pop-up verifications.. at some point they rejected my verification because they claimed devices were not using the same WiFi 🤦🏽";"2022-09-28T17:13:48+0000";"0";"0"
"2";"185";"15";"1143803202301544_630621098425509";"data";"data.*";"fetched (200)";"2022-09-29 15:28:58.214134";"Facebook:/<post-id>/comments";"Gets hacked and they are checking, each other, that the lettering on their uniform is right!";"2022-09-28T17:21:15+0000";"0";"0"
"2";"186";"15";"1143803202301544_630621098425509";"data";"data.*";"fetched (200)";"2022-09-29 15:28:58.214134";"Facebook:/<post-id>/comments";"😂😅😁";"2022-09-28T19:28:42+0000";"0";"0"
"2";"187";"15";"1143803202301544_630621098425509";"data";"data.*";"fetched (200)";"2022-09-29 15:28:58.214134";"Facebook:/<post-id>/comments";"Accurate asf😂";"2022-09-28T21:14:53+0000";"0";"0"
"2";"188";"15";"1143803202301544_630621098425509";"data";"data.*";"fetched (200)";"2022-09-29 15:28:58.214134";"Facebook:/<post-id>/comments";"Meanwhile in Australia, our second largest Telco, Optus, is hacked big-time possibly by a 12 year-old.";"2022-09-29T03:48:41+0000";"0";"0"
"2";"189";"15";"1143803202301544_630621098425509";"data";"data.*";"fetched (200)";"2022-09-29 15:28:58.214134";"Facebook:/<post-id>/comments";"Over acting and eyebrow pencilling at its best 😂";"2022-09-29T08:52:24+0000";"0";"0"
"2";"190";"15";"1143803202301544_630621098425509";"offcut";"";"fetched (200)";"2022-09-29 15:28:58.214134";"Facebook:/<post-id>/comments";"";"";"";""
"2";"191";"16";"1143803202301544_630589261762026";"data";"data.*";"fetched (200)";"2022-09-29 15:28:58.716957";"Facebook:/<post-id>/comments";"Marina Cherfaoui";"2022-09-28T18:05:10+0000";"0";"0"
"2";"192";"16";"1143803202301544_630589261762026";"data";"data.*";"fetched (200)";"2022-09-29 15:28:58.716957";"Facebook:/<post-id>/comments";"The Queen was loved world wide";"2022-09-29T03:18:17+0000";"0";"0"
"2";"193";"16";"1143803202301544_630589261762026";"data";"data.*";"fetched (200)";"2022-09-29 15:28:58.716957";"Facebook:/<post-id>/comments";"All for nothing. The money for those flowers could've been ust to fill lunchboxes of British children😡";"2022-09-29T10:55:13+0000";"0";"0"
"2";"194";"16";"1143803202301544_630589261762026";"offcut";"";"fetched (200)";"2022-09-29 15:28:58.716957";"Facebook:/<post-id>/comments";"";"";"";""
"2";"195";"17";"1143803202301544_630588735095412";"data";"data.*";"fetched (200)";"2022-09-29 15:28:59.006972";"Facebook:/<post-id>/comments";"Lyna Benni";"2022-09-28T14:01:28+0000";"0";"1"
"2";"196";"17";"1143803202301544_630588735095412";"data";"data.*";"fetched (200)";"2022-09-29 15:28:59.006972";"Facebook:/<post-id>/comments";"Love the song";"2022-09-28T14:13:45+0000";"0";"0"
"2";"197";"17";"1143803202301544_630588735095412";"data";"data.*";"fetched (200)";"2022-09-29 15:28:59.006972";"Facebook:/<post-id>/comments";"Kylee Kaminsky";"2022-09-28T14:46:18+0000";"1";"0"
"2";"198";"17";"1143803202301544_630588735095412";"data";"data.*";"fetched (200)";"2022-09-29 15:28:59.006972";"Facebook:/<post-id>/comments";"Felicity Heavyside!!";"2022-09-28T14:47:27+0000";"0";"0"
"2";"199";"17";"1143803202301544_630588735095412";"data";"data.*";"fetched (200)";"2022-09-29 15:28:59.006972";"Facebook:/<post-id>/comments";"Ivonne Reyes Arenas 🥹💕💕✨";"2022-09-28T14:48:08+0000";"0";"0"
"2";"200";"17";"1143803202301544_630588735095412";"data";"data.*";"fetched (200)";"2022-09-29 15:28:59.006972";"Facebook:/<post-id>/comments";"Well he can go back to the UK thanks.";"2022-09-28T14:56:46+0000";"0";"0"
"2";"201";"17";"1143803202301544_630588735095412";"data";"data.*";"fetched (200)";"2022-09-29 15:28:59.006972";"Facebook:/<post-id>/comments";"What a waste";"2022-09-28T15:02:25+0000";"0";"0"
"2";"202";"17";"1143803202301544_630588735095412";"data";"data.*";"fetched (200)";"2022-09-29 15:28:59.006972";"Facebook:/<post-id>/comments";"Beth Parry";"2022-09-28T15:48:10+0000";"0";"0"
"2";"203";"17";"1143803202301544_630588735095412";"data";"data.*";"fetched (200)";"2022-09-29 15:28:59.006972";"Facebook:/<post-id>/comments";"Dats my boy! Well done to Harry.";"2022-09-28T19:32:56+0000";"0";"0"
"2";"204";"17";"1143803202301544_630588735095412";"data";"data.*";"fetched (200)";"2022-09-29 15:28:59.006972";"Facebook:/<post-id>/comments";"It is a good song but does it deserve all of this? Harry is a great artist but I feel like everybody focus on his looks more than on his songs. Would it be the same if it was not Harry's song?";"2022-09-28T20:25:12+0000";"0";"0"
"2";"205";"17";"1143803202301544_630588735095412";"data";"data.*";"fetched (200)";"2022-09-29 15:28:59.006972";"Facebook:/<post-id>/comments";"Samantha Goovan";"2022-09-28T21:32:10+0000";"1";"1"
"2";"206";"17";"1143803202301544_630588735095412";"data";"data.*";"fetched (200)";"2022-09-29 15:28:59.006972";"Facebook:/<post-id>/comments";"Katherine Fitzgerald 😍";"2022-09-29T00:37:10+0000";"0";"0"
"2";"207";"17";"1143803202301544_630588735095412";"data";"data.*";"fetched (200)";"2022-09-29 15:28:59.006972";"Facebook:/<post-id>/comments";"I love this song";"2022-09-29T00:49:45+0000";"0";"0"
"2";"208";"17";"1143803202301544_630588735095412";"data";"data.*";"fetched (200)";"2022-09-29 15:28:59.006972";"Facebook:/<post-id>/comments";"Heather Goovan Ollie is onto something";"2022-09-29T01:56:08+0000";"1";"0"
"2";"209";"17";"1143803202301544_630588735095412";"data";"data.*";"fetched (200)";"2022-09-29 15:28:59.006972";"Facebook:/<post-id>/comments";"Awful singer";"2022-09-29T07:24:40+0000";"0";"0"
"2";"210";"17";"1143803202301544_630588735095412";"data";"data.*";"fetched (200)";"2022-09-29 15:28:59.006972";"Facebook:/<post-id>/comments";"I am surprised   Listened to it yesterday and it was not great and lyrics worse.  Each to their own taste I guess.";"2022-09-29T09:02:26+0000";"0";"0"
"2";"211";"17";"1143803202301544_630588735095412";"data";"data.*";"fetched (200)";"2022-09-29 15:28:59.006972";"Facebook:/<post-id>/comments";"Victoria Zakelj Maree Anne";"2022-09-29T10:46:26+0000";"0";"1"
"2";"212";"17";"1143803202301544_630588735095412";"data";"data.*";"fetched (200)";"2022-09-29 15:28:59.006972";"Facebook:/<post-id>/comments";"Kaylene Zakelj he’s the best";"2022-09-29T10:48:59+0000";"0";"0"
"2";"213";"17";"1143803202301544_630588735095412";"offcut";"";"fetched (200)";"2022-09-29 15:28:59.006972";"Facebook:/<post-id>/comments";"";"";"";""
"2";"214";"18";"1143803202301544_630018605152425";"data";"data.*";"fetched (200)";"2022-09-29 15:28:59.456544";"Facebook:/<post-id>/comments";"Beautiful";"2022-09-28T13:16:55+0000";"0";"0"
"2";"215";"18";"1143803202301544_630018605152425";"data";"data.*";"fetched (200)";"2022-09-29 15:28:59.456544";"Facebook:/<post-id>/comments";"Fascinating! Thank you, Sir David!! You and the beauty of our world 🌎 which you bring to us, never cease to amaze!!❤";"2022-09-28T13:32:13+0000";"2";"0"
"2";"216";"18";"1143803202301544_630018605152425";"data";"data.*";"fetched (200)";"2022-09-29 15:28:59.456544";"Facebook:/<post-id>/comments";"its beutiful💚";"2022-09-28T13:32:43+0000";"0";"0"
"2";"217";"18";"1143803202301544_630018605152425";"data";"data.*";"fetched (200)";"2022-09-29 15:28:59.456544";"Facebook:/<post-id>/comments";"Love this ❤️";"2022-09-28T13:35:49+0000";"0";"0"
"2";"218";"18";"1143803202301544_630018605152425";"data";"data.*";"fetched (200)";"2022-09-29 15:28:59.456544";"Facebook:/<post-id>/comments";"Absolutely amazing";"2022-09-28T14:24:30+0000";"0";"0"
"2";"219";"18";"1143803202301544_630018605152425";"data";"data.*";"fetched (200)";"2022-09-29 15:28:59.456544";"Facebook:/<post-id>/comments";"He is a Treasure 🥰";"2022-09-28T15:12:32+0000";"0";"0"
"2";"220";"18";"1143803202301544_630018605152425";"data";"data.*";"fetched (200)";"2022-09-29 15:28:59.456544";"Facebook:/<post-id>/comments";"It’s almost as magical the mysteries of nature as Sir David smile! At his age and still being surprise!";"2022-09-28T16:22:11+0000";"1";"0"
"2";"221";"18";"1143803202301544_630018605152425";"data";"data.*";"fetched (200)";"2022-09-29 15:28:59.456544";"Facebook:/<post-id>/comments";"Sir David, thanks to you we see the most amazing works of my beloved Mother Nature.";"2022-09-28T17:01:08+0000";"1";"0"
"2";"222";"18";"1143803202301544_630018605152425";"data";"data.*";"fetched (200)";"2022-09-29 15:28:59.456544";"Facebook:/<post-id>/comments";"Nature is Amazing 🥰";"2022-09-28T17:34:16+0000";"0";"0"
"2";"223";"18";"1143803202301544_630018605152425";"data";"data.*";"fetched (200)";"2022-09-29 15:28:59.456544";"Facebook:/<post-id>/comments";"Awesome‼️";"2022-09-28T18:27:14+0000";"0";"0"
"2";"224";"18";"1143803202301544_630018605152425";"data";"data.*";"fetched (200)";"2022-09-29 15:28:59.456544";"Facebook:/<post-id>/comments";"Anyone remember a show called “The Blue Marble”?";"2022-09-28T20:52:28+0000";"0";"0"
"2";"225";"18";"1143803202301544_630018605152425";"data";"data.*";"fetched (200)";"2022-09-29 15:28:59.456544";"Facebook:/<post-id>/comments";"https://www.facebook.com/عالم-الحيوانات-110083548528348/";"2022-09-29T00:06:24+0000";"0";"0"
"2";"226";"18";"1143803202301544_630018605152425";"data";"data.*";"fetched (200)";"2022-09-29 15:28:59.456544";"Facebook:/<post-id>/comments";"https://www.facebook.com/عالم-الحيوانات-110083548528348/";"2022-09-29T00:07:59+0000";"0";"0"
"2";"227";"18";"1143803202301544_630018605152425";"data";"data.*";"fetched (200)";"2022-09-29 15:28:59.456544";"Facebook:/<post-id>/comments";"I SAW THIS PLANT IN A MOVIE ONCE";"2022-09-29T02:38:07+0000";"0";"0"
"2";"228";"18";"1143803202301544_630018605152425";"data";"data.*";"fetched (200)";"2022-09-29 15:28:59.456544";"Facebook:/<post-id>/comments";"Danial Khan";"2022-09-29T05:23:41+0000";"0";"0"
"2";"229";"18";"1143803202301544_630018605152425";"data";"data.*";"fetched (200)";"2022-09-29 15:28:59.456544";"Facebook:/<post-id>/comments";"Waqar Ahmad Khan";"2022-09-29T05:24:02+0000";"0";"0"
"2";"230";"18";"1143803202301544_630018605152425";"data";"data.*";"fetched (200)";"2022-09-29 15:28:59.456544";"Facebook:/<post-id>/comments";"Shall we call it nocturnal plant?";"2022-09-29T07:00:07+0000";"0";"0"
"2";"231";"18";"1143803202301544_630018605152425";"data";"data.*";"fetched (200)";"2022-09-29 15:28:59.456544";"Facebook:/<post-id>/comments";"Amazing 😍";"2022-09-29T07:07:10+0000";"0";"0"
"2";"232";"18";"1143803202301544_630018605152425";"data";"data.*";"fetched (200)";"2022-09-29 15:28:59.456544";"Facebook:/<post-id>/comments";"Amazing!";"2022-09-29T08:49:17+0000";"0";"0"
"2";"233";"18";"1143803202301544_630018605152425";"offcut";"";"fetched (200)";"2022-09-29 15:28:59.456544";"Facebook:/<post-id>/comments";"";"";"";""
"2";"234";"19";"1143803202301544_630588005095485";"data";"data.*";"fetched (200)";"2022-09-29 15:28:59.771665";"Facebook:/<post-id>/comments";"WELL DESERVED...👍👍👏👏❤❤❤❤";"2022-09-28T12:36:52+0000";"0";"0"
"2";"235";"19";"1143803202301544_630588005095485";"data";"data.*";"fetched (200)";"2022-09-29 15:28:59.771665";"Facebook:/<post-id>/comments";"Fantastic !!!";"2022-09-28T12:58:24+0000";"0";"0"
"2";"236";"19";"1143803202301544_630588005095485";"data";"data.*";"fetched (200)";"2022-09-29 15:28:59.771665";"Facebook:/<post-id>/comments";"Rhoda Stroud";"2022-09-28T13:07:17+0000";"0";"1"
"2";"237";"19";"1143803202301544_630588005095485";"data";"data.*";"fetched (200)";"2022-09-29 15:28:59.771665";"Facebook:/<post-id>/comments";"Congratulations...";"2022-09-28T13:22:24+0000";"0";"0"
"2";"238";"19";"1143803202301544_630588005095485";"data";"data.*";"fetched (200)";"2022-09-29 15:28:59.771665";"Facebook:/<post-id>/comments";"David Stroud yesssss! 😎😎";"2022-09-28T13:51:19+0000";"0";"0"
"2";"239";"19";"1143803202301544_630588005095485";"data";"data.*";"fetched (200)";"2022-09-29 15:28:59.771665";"Facebook:/<post-id>/comments";"That's awesome! Congratulations!";"2022-09-28T14:06:28+0000";"0";"0"
"2";"240";"19";"1143803202301544_630588005095485";"data";"data.*";"fetched (200)";"2022-09-29 15:28:59.771665";"Facebook:/<post-id>/comments";"Wonderful.";"2022-09-28T14:18:32+0000";"0";"0"
"2";"241";"19";"1143803202301544_630588005095485";"data";"data.*";"fetched (200)";"2022-09-29 15:28:59.771665";"Facebook:/<post-id>/comments";"Congratulations and good luck !!!! 👍";"2022-09-28T14:53:51+0000";"0";"0"
"2";"242";"19";"1143803202301544_630588005095485";"data";"data.*";"fetched (200)";"2022-09-29 15:28:59.771665";"Facebook:/<post-id>/comments";"Congratulations and i would spend a bit on sound financial advice.";"2022-09-28T15:05:09+0000";"0";"0"
"2";"243";"19";"1143803202301544_630588005095485";"data";"data.*";"fetched (200)";"2022-09-29 15:28:59.771665";"Facebook:/<post-id>/comments";"I would to join you to celebrate with a glass of wine!!!";"2022-09-28T15:07:52+0000";"0";"0"
"2";"244";"19";"1143803202301544_630588005095485";"data";"data.*";"fetched (200)";"2022-09-29 15:28:59.771665";"Facebook:/<post-id>/comments";"A deserving winner for sure.. but why go public.? So much potential for hassle from wider family, neighbourhood, friends and weirdos. Begging letters galore to deal with too. I have just finished reading a book in which a daughter of a winning family was kidnappped and held to ransom. It totally defeats me why anyone would choose to expose themselves this way. Is there some massive incentive from those who run the lottery, presumably as it encourages more people to try their luck? That is the only explanation I can think of 🤔😬";"2022-09-28T15:26:57+0000";"0";"0"
"2";"245";"19";"1143803202301544_630588005095485";"data";"data.*";"fetched (200)";"2022-09-29 15:28:59.771665";"Facebook:/<post-id>/comments";"Fantastic and congratulations.";"2022-09-28T16:50:30+0000";"0";"0"
"2";"246";"19";"1143803202301544_630588005095485";"data";"data.*";"fetched (200)";"2022-09-29 15:28:59.771665";"Facebook:/<post-id>/comments";"Ого😌";"2022-09-28T18:24:56+0000";"0";"0"
"2";"247";"19";"1143803202301544_630588005095485";"data";"data.*";"fetched (200)";"2022-09-29 15:28:59.771665";"Facebook:/<post-id>/comments";"Delighted for you all.   Enjoy 😘";"2022-09-28T20:18:42+0000";"0";"0"
"2";"248";"19";"1143803202301544_630588005095485";"data";"data.*";"fetched (200)";"2022-09-29 15:28:59.771665";"Facebook:/<post-id>/comments";"So happy for her";"2022-09-28T21:25:24+0000";"0";"0"
"2";"249";"19";"1143803202301544_630588005095485";"data";"data.*";"fetched (200)";"2022-09-29 15:28:59.771665";"Facebook:/<post-id>/comments";"""Thanksgiving""";"2022-09-29T11:44:00+0000";"0";"0"
"2";"250";"19";"1143803202301544_630588005095485";"offcut";"";"fetched (200)";"2022-09-29 15:28:59.771665";"Facebook:/<post-id>/comments";"";"";"";""
"2";"251";"20";"1143803202301544_630688025085483";"data";"data.*";"fetched (200)";"2022-09-29 15:29:00.085960";"Facebook:/<post-id>/comments";"Just had to binge watch... there's not much that gives real belly laughs but this is one ..  such a great show";"2022-09-28T12:06:07+0000";"3";"0"
"2";"252";"20";"1143803202301544_630688025085483";"data";"data.*";"fetched (200)";"2022-09-29 15:29:00.085960";"Facebook:/<post-id>/comments";"?";"2022-09-28T19:04:33+0000";"0";"1"
"2";"253";"20";"1143803202301544_630688025085483";"data";"data.*";"fetched (200)";"2022-09-29 15:29:00.085960";"Facebook:/<post-id>/comments";"Not funny. Hes a pig.";"2022-09-28T22:52:15+0000";"0";"0"
"2";"254";"20";"1143803202301544_630688025085483";"data";"data.*";"fetched (200)";"2022-09-29 15:29:00.085960";"Facebook:/<post-id>/comments";"God  bless you  both";"2022-09-29T00:01:44+0000";"0";"0"
"2";"255";"20";"1143803202301544_630688025085483";"data";"data.*";"fetched (200)";"2022-09-29 15:29:00.085960";"Facebook:/<post-id>/comments";"Judy Curtis ?? Back at ya";"2022-09-29T07:28:53+0000";"0";"0"
"2";"256";"20";"1143803202301544_630688025085483";"data";"data.*";"fetched (200)";"2022-09-29 15:29:00.085960";"Facebook:/<post-id>/comments";"Just don't get this at all..... watched first episode   & didn't think it funny,  caught half of episode last week... Still not funny.";"2022-09-29T10:38:55+0000";"0";"0"
"2";"257";"20";"1143803202301544_630688025085483";"offcut";"";"fetched (200)";"2022-09-29 15:29:00.085960";"Facebook:/<post-id>/comments";"";"";"";""
"2";"258";"21";"1143803202301544_630614875092798";"data";"data.*";"fetched (200)";"2022-09-29 15:29:00.364453";"Facebook:/<post-id>/comments";"Watch #BBCGhosts on iPlayer";"2022-09-28T09:58:18+0000";"1";"0"
"2";"259";"21";"1143803202301544_630614875092798";"data";"data.*";"fetched (200)";"2022-09-29 15:29:00.364453";"Facebook:/<post-id>/comments";"Will there be a new season ?";"2022-09-28T23:38:23+0000";"0";"0"
"2";"260";"21";"1143803202301544_630614875092798";"data";"data.*";"fetched (200)";"2022-09-29 15:29:00.364453";"Facebook:/<post-id>/comments";"This version tops the American rip off and it’s not even close";"2022-09-28T23:38:51+0000";"0";"0"
"2";"261";"21";"1143803202301544_630614875092798";"offcut";"";"fetched (200)";"2022-09-29 15:29:00.364453";"Facebook:/<post-id>/comments";"";"";"";""
